index,img,animal
0,000332_9_0.png,chicken
1,000928_10_0.png,cat
2,007150_0_0.png,dog
3,004223_0_1.png,duck
4,004443_0_3.png,chicken
5,004665_3_3.png,cat
6,002742_8_0.png,duck
7,001864_0_0.png,cat
8,001101_3_2.png,chicken
9,005532_1_0.png,duck
10,002956_0_0.png,dog
11,005608_7_0.png,cat
12,004657_1_0.png,chicken
13,005082_0_0.png,cat
14,002666_8_0.png,dog
15,001238_2_0.png,duck
16,000341_3_0.png,chicken
17,000841_0_0.png,cat
18,002966_5_0.png,duck
19,004924_8_0.png,cat
20,001357_1_0.png,chicken
21,002707_13_0.png,duck
22,005524_1_0.png,dog
23,000254_3_0.png,cat
24,005545_4_0.png,chicken
25,006583_4_0.png,cat
26,001870_3_1.png,dog
27,006071_3_0.png,duck
28,002583_6_0.png,chicken
29,001355_4_0.png,cat
30,000618_1_0.png,duck
31,003199_4_0.png,cat
32,000703_0_1.png,chicken
33,001774_1_0.png,duck
34,004954_3_0.png,dog
35,002117_0_0.png,cat
36,002156_0_0.png,chicken
37,000187_0_0.png,cat
38,002666_4_0.png,dog
39,006076_1_0.png,duck
40,002917_0_0.png,chicken
41,002690_3_1.png,cat
42,003199_13_0.png,duck
43,000595_1_1.png,cat
44,007320_0_0.png,chicken
45,001648_4_0.png,duck
46,005467_3_0.png,dog
47,005835_0_0.png,cat
48,004747_19_0.png,chicken
49,001971_0_0.png,cat
50,000073_2_0.png,dog
51,006071_0_0.png,duck
52,002774_1_0.png,chicken
53,006980_6_0.png,cat
54,003171_1_0.png,duck
55,005436_3_1.png,cat
56,000925_0_0.png,chicken
57,002477_5_0.png,duck
58,000535_11_0.png,dog
59,000764_16_0.png,cat
60,000571_10_0.png,chicken
61,003683_2_0.png,cat
62,000535_13_0.png,dog
63,005980_4_1.png,duck
64,006424_5_0.png,chicken
65,006176_3_1.png,cat
66,002979_4_1.png,duck
67,006908_2_1.png,cat
68,000971_6_2.png,chicken
69,004747_17_1.png,duck
70,004235_5_0.png,dog
71,004261_1_0.png,cat
72,002699_0_2.png,chicken
73,006908_0_0.png,cat
74,001221_1_0.png,dog
75,002640_11_0.png,duck
76,006475_1_0.png,chicken
77,000928_3_2.png,cat
78,001256_0_0.png,duck
79,007136_4_1.png,cat
80,007319_0_0.png,chicken
81,004983_0_0.png,duck
82,005812_7_0.png,dog
83,007412_1_0.png,cat
84,003356_9_0.png,chicken
85,006427_1_0.png,cat
86,000076_0_1.png,dog
87,001101_7_0.png,duck
88,004594_0_0.png,chicken
89,003002_3_0.png,cat
90,002875_0_0.png,duck
91,004897_0_0.png,cat
92,001314_0_0.png,chicken
93,006024_3_0.png,duck
94,001504_0_0.png,dog
95,002742_6_0.png,cat
96,004906_5_0.png,chicken
97,000535_10_1.png,cat
98,001355_0_2.png,dog
99,002707_5_0.png,duck
100,004924_3_0.png,chicken
101,001404_2_0.png,cat
102,003502_11_0.png,duck
103,001334_2_0.png,cat
104,006139_2_4.png,chicken
105,003133_2_0.png,duck
106,006130_3_0.png,dog
107,000718_1_0.png,cat
108,001611_0_0.png,chicken
109,002640_1_0.png,cat
110,001439_1_0.png,dog
111,002979_3_3.png,duck
112,004443_2_2.png,chicken
113,004170_10_0.png,cat
114,002249_0_0.png,duck
115,002707_9_0.png,cat
116,001046_1_0.png,chicken
117,006341_3_0.png,duck
118,004053_0_0.png,dog
119,005670_3_0.png,cat
120,006035_0_0.png,chicken
121,003336_0_0.png,cat
122,003294_0_0.png,dog
123,004749_2_0.png,duck
124,000058_0_1.png,chicken
125,003057_0_0.png,cat
126,002663_4_1.png,duck
127,001322_5_0.png,cat
128,007374_1_0.png,chicken
129,000336_0_1.png,duck
130,004474_1_1.png,dog
131,002282_3_0.png,cat
132,004928_4_0.png,chicken
133,006412_0_0.png,cat
134,003492_5_0.png,dog
135,001496_6_0.png,duck
136,000691_0_0.png,chicken
137,006980_3_0.png,cat
138,003526_1_1.png,duck
139,001101_1_0.png,cat
140,007319_0_1.png,chicken
141,003740_0_0.png,duck
142,000571_8_0.png,dog
143,000964_6_0.png,cat
144,001372_1_0.png,chicken
145,000964_9_0.png,cat
146,006087_1_0.png,dog
147,003502_13_0.png,duck
148,006201_0_0.png,chicken
149,002487_13_0.png,cat
150,002440_4_0.png,duck
151,005170_4_0.png,cat
152,004619_2_0.png,chicken
153,005663_18_1.png,duck
154,003784_0_0.png,dog
155,002690_3_0.png,cat
156,002175_5_0.png,chicken
157,001049_8_0.png,cat
158,002408_0_0.png,dog
159,000477_0_0.png,duck
160,005317_0_0.png,chicken
161,004736_1_0.png,cat
162,000384_5_1.png,duck
163,004549_8_1.png,cat
164,000074_0_0.png,chicken
165,002979_3_1.png,duck
166,006242_4_1.png,dog
167,003971_0_0.png,cat
168,003969_0_0.png,chicken
169,006894_0_0.png,cat
170,002175_15_0.png,dog
171,005637_0_0.png,duck
172,004967_0_0.png,chicken
173,000910_3_0.png,cat
174,001648_13_0.png,duck
175,000966_2_1.png,cat
176,001222_0_1.png,chicken
177,006832_5_0.png,duck
178,002180_2_0.png,dog
179,005663_15_0.png,cat
180,006955_0_0.png,chicken
181,000342_2_0.png,cat
182,000332_1_0.png,dog
183,006247_1_0.png,duck
184,005408_0_0.png,chicken
185,002837_1_0.png,cat
186,000288_0_0.png,duck
187,000217_5_1.png,cat
188,007408_0_0.png,chicken
189,004139_17_0.png,duck
190,006475_6_1.png,dog
191,007199_0_0.png,cat
192,001496_4_0.png,chicken
193,004235_3_0.png,cat
194,002979_4_3.png,dog
195,002386_2_0.png,duck
196,005017_0_0.png,chicken
197,005714_8_1.png,cat
198,004940_0_0.png,duck
199,002612_1_0.png,cat
200,003793_1_0.png,chicken
201,003718_3_1.png,duck
202,006608_8_0.png,dog
203,004474_0_2.png,cat
204,004924_5_0.png,chicken
205,006528_0_0.png,cat
206,002857_0_0.png,dog
207,002287_0_0.png,duck
208,003464_3_0.png,chicken
209,007420_6_0.png,cat
210,000394_4_0.png,duck
211,006768_0_0.png,cat
212,004866_2_1.png,chicken
213,004443_1_0.png,duck
214,003256_0_0.png,dog
215,006800_6_0.png,cat
216,002800_1_1.png,chicken
217,001348_0_0.png,cat
218,003997_0_0.png,dog
219,002906_0_0.png,duck
220,000955_3_0.png,chicken
221,001169_1_0.png,cat
222,005633_2_2.png,duck
223,004509_0_0.png,cat
224,003398_15_0.png,chicken
225,005472_7_0.png,duck
226,003550_0_0.png,dog
227,000947_1_0.png,cat
228,005985_2_0.png,chicken
229,003688_0_0.png,cat
230,006228_0_0.png,dog
231,003229_6_0.png,duck
232,003367_2_0.png,chicken
233,006578_3_0.png,cat
234,001355_0_6.png,duck
235,003237_2_1.png,cat
236,000265_0_1.png,chicken
237,002641_1_1.png,duck
238,003718_6_1.png,dog
239,006761_1_1.png,cat
240,001997_1_0.png,chicken
241,006102_0_0.png,cat
242,007136_3_0.png,dog
243,006240_0_0.png,duck
244,005622_7_0.png,chicken
245,001423_0_0.png,cat
246,002424_0_0.png,duck
247,004665_4_1.png,cat
248,002477_9_0.png,chicken
249,004605_0_0.png,duck
250,004983_12_1.png,dog
251,003438_4_0.png,cat
252,003805_2_0.png,chicken
253,006444_2_1.png,cat
254,004482_0_0.png,dog
255,003122_0_0.png,duck
256,005226_3_0.png,chicken
257,004836_0_0.png,cat
258,005688_1_1.png,duck
259,006762_3_0.png,cat
260,004793_0_0.png,chicken
261,000167_0_0.png,duck
262,001776_5_0.png,dog
263,001648_14_1.png,cat
264,005988_2_0.png,chicken
265,001783_0_1.png,cat
266,003677_2_0.png,dog
267,001785_8_0.png,duck
268,006703_8_0.png,chicken
269,007018_2_0.png,cat
270,004283_4_0.png,duck
271,000469_10_2.png,cat
272,000074_1_0.png,chicken
273,003878_2_0.png,duck
274,001114_0_0.png,dog
275,000076_2_0.png,cat
276,007207_1_0.png,chicken
277,004685_2_1.png,cat
278,006190_0_0.png,dog
279,000217_6_0.png,duck
280,003398_16_1.png,chicken
281,003682_1_0.png,cat
282,000341_2_0.png,duck
283,005825_0_0.png,cat
284,001571_0_0.png,chicken
285,005866_4_0.png,duck
286,007375_5_0.png,dog
287,004103_0_0.png,cat
288,001632_0_0.png,chicken
289,005663_17_0.png,cat
290,001819_0_0.png,dog
291,005031_0_0.png,duck
292,001068_0_2.png,chicken
293,006176_3_0.png,cat
294,002362_2_0.png,duck
295,000625_0_0.png,cat
296,004474_1_0.png,chicken
297,001070_6_1.png,duck
298,001046_0_0.png,dog
299,006703_3_1.png,cat
300,006395_3_0.png,chicken
301,005617_0_0.png,cat
302,005434_4_0.png,dog
303,005082_6_0.png,duck
304,005064_3_0.png,chicken
305,001449_0_0.png,cat
306,002583_6_1.png,duck
307,001366_10_0.png,cat
308,003199_3_0.png,chicken
309,000992_2_1.png,duck
310,006847_5_0.png,dog
311,003387_1_0.png,cat
312,004747_19_1.png,chicken
313,006139_3_1.png,cat
314,003490_1_0.png,dog
315,004223_0_0.png,duck
316,001068_0_1.png,chicken
317,006832_5_1.png,cat
318,001357_4_0.png,duck
319,003759_1_0.png,cat
320,001795_0_0.png,chicken
321,002979_13_0.png,duck
322,006268_6_0.png,dog
323,003294_1_0.png,cat
324,004139_13_1.png,chicken
325,003177_0_1.png,cat
326,001355_0_5.png,dog
327,002324_0_0.png,duck
328,001558_2_0.png,chicken
329,000625_1_1.png,cat
330,002030_0_1.png,duck
331,000764_15_0.png,cat
332,003047_0_0.png,chicken
333,005824_1_0.png,duck
334,006088_1_0.png,dog
335,000972_1_1.png,cat
336,000469_9_0.png,chicken
337,004722_3_0.png,cat
338,005065_1_0.png,dog
339,004370_9_0.png,duck
340,000796_4_0.png,chicken
341,006604_1_0.png,cat
342,003185_0_0.png,duck
343,006121_3_1.png,cat
344,006427_2_2.png,chicken
345,004321_7_0.png,duck
346,004963_6_0.png,dog
347,002780_0_0.png,cat
348,001198_6_0.png,chicken
349,007362_0_0.png,cat
350,007318_4_0.png,dog
351,006242_4_0.png,duck
352,000341_6_0.png,chicken
353,001972_3_0.png,cat
354,001692_1_0.png,duck
355,001070_2_1.png,cat
356,004400_0_1.png,chicken
357,005085_2_0.png,duck
358,003481_0_0.png,dog
359,003982_2_1.png,cat
360,005692_1_0.png,chicken
361,000277_4_0.png,cat
362,002493_0_1.png,dog
363,002153_6_0.png,duck
364,000277_5_0.png,chicken
365,001846_0_0.png,cat
366,003315_0_1.png,duck
367,006980_3_1.png,cat
368,005526_0_0.png,chicken
369,006761_2_0.png,duck
370,004012_0_0.png,dog
371,001101_2_0.png,cat
372,001817_0_0.png,chicken
373,005750_0_1.png,cat
374,000559_3_0.png,dog
375,002780_1_0.png,duck
376,001785_14_0.png,chicken
377,003740_1_0.png,cat
378,003229_2_1.png,duck
379,003718_1_0.png,cat
380,004740_11_0.png,chicken
381,003379_0_0.png,duck
382,006152_0_0.png,dog
383,002666_8_1.png,cat
384,000966_9_0.png,chicken
385,007016_3_0.png,cat
386,003753_2_8.png,dog
387,004521_0_0.png,duck
388,004192_0_0.png,chicken
389,000961_0_0.png,cat
390,001758_0_0.png,duck
391,006121_2_1.png,cat
392,004796_0_0.png,chicken
393,003199_9_0.png,duck
394,004142_0_0.png,dog
395,005846_0_1.png,cat
396,001406_0_0.png,chicken
397,004139_8_0.png,cat
398,005617_1_1.png,dog
399,003407_0_0.png,duck
400,001319_2_0.png,chicken
401,006139_2_2.png,cat
402,005495_4_0.png,duck
403,003858_0_0.png,cat
404,002742_3_1.png,chicken
405,000992_2_2.png,duck
406,001100_3_2.png,dog
407,005217_0_0.png,cat
408,006937_5_0.png,chicken
409,005528_8_0.png,cat
410,004950_3_0.png,dog
411,001358_0_0.png,duck
412,003753_5_1.png,chicken
413,002616_2_0.png,cat
414,006424_6_0.png,duck
415,000383_3_0.png,cat
416,003924_3_1.png,chicken
417,001931_4_0.png,duck
418,002410_3_0.png,dog
419,003694_0_0.png,cat
420,001191_0_0.png,chicken
421,001068_1_1.png,cat
422,002465_2_0.png,dog
423,003002_0_0.png,duck
424,006431_0_0.png,chicken
425,002699_0_4.png,cat
426,001220_3_1.png,duck
427,002745_1_0.png,cat
428,005604_2_0.png,chicken
429,003779_0_0.png,duck
430,005714_9_2.png,dog
431,002149_0_2.png,cat
432,000925_0_1.png,chicken
433,007084_0_0.png,cat
434,000965_3_0.png,dog
435,003502_6_1.png,duck
436,002289_2_0.png,chicken
437,000812_1_0.png,cat
438,002418_1_0.png,duck
439,005714_0_0.png,cat
440,004443_0_4.png,chicken
441,000596_0_2.png,duck
442,003753_6_0.png,dog
443,000336_3_0.png,cat
444,001046_4_0.png,chicken
445,006088_0_0.png,cat
446,003233_4_0.png,dog
447,000145_10_0.png,duck
448,001624_0_0.png,chicken
449,002487_16_0.png,cat
450,006916_1_0.png,duck
451,004443_4_0.png,cat
452,006488_6_0.png,chicken
453,006703_4_1.png,duck
454,003018_2_0.png,dog
455,007109_0_1.png,cat
456,002775_8_0.png,chicken
457,007136_8_0.png,cat
458,001428_1_0.png,dog
459,001238_5_1.png,duck
460,005515_1_0.png,chicken
461,001648_12_2.png,cat
462,003147_3_0.png,duck
463,004474_6_1.png,cat
464,002471_6_0.png,chicken
465,007318_3_0.png,duck
466,002583_8_0.png,dog
467,002892_9_0.png,cat
468,003905_0_0.png,chicken
469,001366_6_0.png,cat
470,001946_0_0.png,dog
471,003310_1_0.png,duck
472,005924_0_1.png,chicken
473,006268_5_1.png,cat
474,002379_0_0.png,duck
475,000999_5_0.png,cat
476,003774_0_0.png,chicken
477,006603_0_0.png,duck
478,007201_6_0.png,dog
479,000633_0_0.png,cat
480,001070_1_0.png,chicken
481,005633_5_0.png,cat
482,002410_1_0.png,dog
483,003632_7_0.png,duck
484,000073_1_0.png,chicken
485,000826_8_0.png,cat
486,001558_0_0.png,duck
487,002063_5_0.png,cat
488,004474_3_0.png,chicken
489,007412_6_0.png,duck
490,006676_0_0.png,dog
491,000961_1_1.png,cat
492,005106_1_1.png,chicken
493,005840_2_2.png,cat
494,001179_1_1.png,dog
495,003435_0_0.png,duck
496,002362_0_0.png,chicken
497,001948_2_0.png,cat
498,004921_1_0.png,duck
499,000915_0_0.png,cat
500,006396_2_0.png,chicken
501,005323_1_0.png,duck
502,004361_0_0.png,dog
503,002149_0_1.png,cat
504,000646_0_0.png,chicken
505,003329_1_1.png,cat
506,003982_2_0.png,dog
507,001782_0_0.png,duck
508,004532_0_0.png,chicken
509,001101_0_1.png,cat
510,000663_1_0.png,duck
511,003009_3_1.png,cat
512,003009_0_1.png,chicken
513,004261_0_0.png,duck
514,001242_0_0.png,dog
515,005714_5_0.png,cat
516,003229_3_0.png,chicken
517,002477_1_0.png,cat
518,002175_11_0.png,dog
519,007290_0_0.png,duck
520,006087_2_1.png,chicken
521,001421_0_0.png,cat
522,000290_0_0.png,duck
523,001693_6_0.png,cat
524,007147_3_0.png,chicken
525,000265_0_0.png,duck
526,005226_8_0.png,dog
527,001046_5_1.png,cat
528,003018_1_1.png,chicken
529,007254_0_0.png,cat
530,002927_0_0.png,dog
531,006006_5_0.png,duck
532,002799_0_1.png,chicken
533,000925_0_2.png,cat
534,003583_2_0.png,duck
535,002640_3_1.png,cat
536,001198_3_0.png,chicken
537,007109_1_0.png,duck
538,001404_0_0.png,dog
539,001208_0_0.png,cat
540,001256_0_1.png,chicken
541,004247_0_0.png,cat
542,004597_1_0.png,dog
543,000998_1_0.png,duck
544,004954_2_0.png,chicken
545,000015_1_0.png,cat
546,000365_0_0.png,duck
547,005324_0_0.png,cat
548,000770_1_0.png,chicken
549,005408_5_0.png,duck
550,002095_11_1.png,dog
551,000571_2_0.png,cat
552,001319_4_0.png,chicken
553,004755_5_1.png,cat
554,006536_0_0.png,dog
555,000675_0_0.png,duck
556,000770_0_0.png,chicken
557,005170_1_0.png,cat
558,002362_4_0.png,duck
559,002979_3_5.png,cat
560,006210_1_1.png,chicken
561,003130_0_1.png,duck
562,005980_3_0.png,dog
563,000928_6_0.png,cat
564,001863_1_0.png,chicken
565,007136_3_2.png,cat
566,000718_3_0.png,dog
567,005663_9_0.png,duck
568,006935_2_0.png,chicken
569,003367_3_0.png,cat
570,004508_0_0.png,duck
571,004747_14_0.png,cat
572,000498_0_0.png,chicken
573,001444_0_0.png,duck
574,001822_0_0.png,dog
575,003511_0_0.png,cat
576,003171_0_0.png,chicken
577,003472_9_0.png,cat
578,003085_0_0.png,dog
579,003426_2_0.png,duck
580,000336_1_1.png,chicken
581,005988_6_0.png,cat
582,003971_3_0.png,duck
583,001785_11_0.png,cat
584,006122_4_0.png,chicken
585,001366_5_0.png,duck
586,002440_0_1.png,dog
587,001817_0_1.png,cat
588,002478_0_0.png,chicken
589,000571_1_0.png,cat
590,003249_4_0.png,dog
591,000964_0_1.png,duck
592,004346_1_0.png,chicken
593,006583_3_0.png,cat
594,005812_6_0.png,duck
595,004720_1_0.png,cat
596,005771_7_0.png,chicken
597,003632_3_2.png,duck
598,005131_2_1.png,dog
599,000928_5_1.png,cat
600,003615_0_0.png,chicken
601,000251_4_0.png,cat
602,004283_12_2.png,dog
603,001088_0_0.png,duck
604,001870_3_0.png,chicken
605,004425_4_0.png,cat
606,003489_1_0.png,duck
607,003885_4_1.png,cat
608,004902_2_1.png,chicken
609,004963_10_0.png,duck
610,004218_4_0.png,dog
611,002206_2_0.png,cat
612,006980_3_3.png,chicken
613,002565_8_0.png,cat
614,000559_0_0.png,dog
615,006016_0_0.png,duck
616,004327_1_0.png,chicken
617,002666_9_0.png,cat
618,005714_9_3.png,duck
619,001101_2_1.png,cat
620,004474_0_1.png,chicken
621,001776_4_0.png,duck
622,000764_12_0.png,dog
623,006605_2_0.png,cat
624,007420_3_1.png,chicken
625,002851_0_0.png,cat
626,006908_4_0.png,dog
627,006488_2_0.png,duck
628,004850_2_2.png,chicken
629,004963_2_1.png,cat
630,006337_0_0.png,duck
631,002487_11_0.png,cat
632,004389_5_0.png,chicken
633,000460_0_0.png,duck
634,000571_7_0.png,dog
635,006703_4_0.png,cat
636,003229_2_0.png,chicken
637,000472_6_0.png,cat
638,001441_0_1.png,dog
639,000826_7_0.png,duck
640,003786_0_0.png,chicken
641,006427_0_0.png,cat
642,003502_7_0.png,duck
643,003426_3_1.png,cat
644,003331_0_0.png,chicken
645,005532_6_0.png,duck
646,003251_1_0.png,dog
647,001589_1_1.png,cat
648,006886_5_0.png,chicken
649,001879_0_0.png,cat
650,000999_7_0.png,dog
651,004170_16_0.png,duck
652,002015_0_0.png,chicken
653,003233_5_0.png,cat
654,001636_0_0.png,duck
655,001366_11_0.png,cat
656,003084_2_1.png,chicken
657,001378_0_0.png,duck
658,003162_0_0.png,dog
659,005133_6_0.png,cat
660,006613_2_1.png,chicken
661,004536_3_2.png,cat
662,003739_0_0.png,dog
663,003777_0_0.png,duck
664,001923_0_1.png,chicken
665,000535_8_0.png,cat
666,004425_1_0.png,duck
667,001544_0_0.png,cat
668,002640_4_0.png,chicken
669,002289_3_0.png,duck
670,000923_2_0.png,dog
671,000780_1_0.png,cat
672,006879_0_0.png,chicken
673,005494_2_0.png,cat
674,006488_7_0.png,dog
675,006552_3_0.png,duck
676,003233_2_0.png,chicken
677,006795_0_0.png,cat
678,004747_13_0.png,duck
679,003740_6_0.png,cat
680,006176_1_0.png,chicken
681,002707_2_0.png,duck
682,004755_6_1.png,dog
683,007202_1_0.png,cat
684,000108_1_0.png,chicken
685,002015_0_1.png,cat
686,007301_3_0.png,dog
687,000469_3_0.png,duck
688,003421_0_0.png,chicken
689,003233_2_1.png,cat
690,004470_0_0.png,duck
691,006284_0_0.png,cat
692,001477_0_0.png,chicken
693,003526_3_1.png,duck
694,002663_3_0.png,dog
695,000266_10_0.png,cat
696,000874_6_0.png,chicken
697,000965_3_1.png,cat
698,007202_6_1.png,dog
699,004501_1_0.png,duck
700,007129_0_0.png,chicken
701,007189_4_0.png,cat
702,004976_0_0.png,duck
703,004747_17_0.png,cat
704,007318_0_0.png,chicken
705,003683_9_0.png,duck
706,001543_1_0.png,dog
707,002699_0_3.png,cat
708,006093_0_0.png,chicken
709,003232_4_0.png,cat
710,002952_0_0.png,dog
711,006628_3_0.png,duck
712,006139_5_0.png,chicken
713,003974_0_1.png,cat
714,002465_1_0.png,duck
715,002110_5_0.png,cat
716,006583_12_0.png,chicken
717,002386_1_0.png,duck
718,002626_3_0.png,dog
719,003982_11_0.png,cat
720,004443_1_1.png,chicken
721,005241_2_0.png,cat
722,001648_13_1.png,dog
723,004469_0_0.png,duck
724,000928_4_0.png,chicken
725,002663_7_0.png,cat
726,002742_2_1.png,duck
727,007407_5_0.png,cat
728,006800_2_0.png,chicken
729,005170_0_1.png,duck
730,002799_0_0.png,dog
731,006427_5_0.png,cat
732,001323_0_0.png,chicken
733,005663_17_1.png,cat
734,003398_16_0.png,dog
735,002180_0_0.png,duck
736,003454_1_1.png,chicken
737,002005_0_0.png,cat
738,007385_3_0.png,duck
739,002059_0_0.png,cat
740,000862_0_0.png,chicken
741,000332_4_0.png,duck
742,006837_4_0.png,dog
743,004400_0_0.png,cat
744,004983_1_0.png,chicken
745,002699_1_0.png,cat
746,001068_3_0.png,dog
747,006222_0_0.png,duck
748,003819_0_0.png,chicken
749,000721_0_0.png,cat
750,004949_0_0.png,duck
751,004371_1_0.png,cat
752,006932_7_0.png,chicken
753,003722_0_1.png,duck
754,000571_5_0.png,dog
755,004049_0_0.png,cat
756,003074_0_0.png,chicken
757,001895_2_0.png,cat
758,007109_5_1.png,dog
759,003809_1_0.png,duck
760,002477_7_0.png,chicken
761,000826_6_1.png,cat
762,006121_5_1.png,duck
763,006908_1_1.png,cat
764,000782_3_0.png,chicken
765,001716_14_1.png,duck
766,002320_0_0.png,dog
767,002551_0_0.png,cat
768,000671_0_0.png,chicken
769,005539_2_0.png,cat
770,004093_0_0.png,dog
771,005714_9_1.png,duck
772,004733_0_0.png,chicken
773,003924_3_0.png,cat
774,005448_6_1.png,duck
775,003502_1_0.png,cat
776,005510_2_0.png,chicken
777,002477_4_0.png,duck
778,002440_1_0.png,dog
779,001422_2_0.png,cat
780,001467_4_0.png,chicken
781,002073_0_1.png,cat
782,000862_1_0.png,dog
783,004665_0_0.png,duck
784,003466_1_0.png,chicken
785,002583_5_0.png,cat
786,002745_0_0.png,duck
787,001609_0_0.png,cat
788,002680_0_0.png,chicken
789,006935_1_0.png,duck
790,001357_3_0.png,dog
791,007420_3_0.png,cat
792,004513_2_0.png,chicken
793,007301_5_1.png,cat
794,004349_2_0.png,dog
795,005142_0_0.png,duck
796,000559_1_1.png,chicken
797,001300_0_1.png,cat
798,002725_3_0.png,duck
799,004797_0_0.png,cat
800,000332_8_0.png,chicken
801,006969_0_0.png,duck
802,005545_1_1.png,dog
803,002315_0_0.png,cat
804,004786_1_0.png,chicken
805,002282_2_0.png,cat
806,006722_0_0.png,dog
807,000971_8_1.png,duck
808,001207_2_0.png,chicken
809,001870_6_0.png,cat
810,006818_0_0.png,duck
811,002735_0_0.png,cat
812,000957_0_1.png,chicken
813,006525_6_0.png,duck
814,004674_0_0.png,dog
815,001310_1_0.png,cat
816,005245_5_0.png,chicken
817,005692_9_0.png,cat
818,006354_0_0.png,dog
819,005663_19_0.png,duck
820,001467_5_0.png,chicken
821,002892_5_2.png,cat
822,004558_1_0.png,duck
823,003232_6_1.png,cat
824,004219_0_0.png,chicken
825,005985_0_1.png,duck
826,001049_6_0.png,dog
827,002288_2_0.png,cat
828,002666_7_1.png,chicken
829,003718_4_3.png,cat
830,007202_4_3.png,dog
831,006488_1_0.png,duck
832,006427_4_0.png,chicken
833,003398_5_0.png,cat
834,002944_3_1.png,duck
835,006139_17_0.png,cat
836,006971_0_0.png,chicken
837,000940_0_0.png,duck
838,002095_10_0.png,dog
839,006176_5_0.png,cat
840,004665_3_2.png,chicken
841,003313_5_0.png,cat
842,006427_3_0.png,dog
843,004250_2_0.png,duck
844,000310_1_0.png,chicken
845,004580_0_0.png,cat
846,002892_1_0.png,duck
847,004443_0_1.png,cat
848,007136_4_0.png,chicken
849,007280_0_0.png,duck
850,004252_0_0.png,dog
851,004218_4_1.png,cat
852,006734_0_0.png,chicken
853,006333_2_0.png,cat
854,003336_0_1.png,dog
855,002666_3_1.png,duck
856,000971_7_0.png,chicken
857,000972_1_0.png,cat
858,005931_0_0.png,duck
859,000105_0_1.png,cat
860,002626_5_0.png,chicken
861,000966_10_0.png,duck
862,004139_13_0.png,dog
863,000784_0_1.png,cat
864,004443_2_0.png,chicken
865,001667_2_1.png,cat
866,001714_9_0.png,dog
867,000874_7_0.png,duck
868,000407_0_0.png,chicken
869,006583_17_0.png,cat
870,004963_2_0.png,duck
871,006847_3_2.png,cat
872,006480_0_0.png,chicken
873,005106_1_0.png,duck
874,002282_4_0.png,dog
875,003464_8_0.png,cat
876,005114_1_1.png,chicken
877,000214_2_1.png,cat
878,003018_0_0.png,dog
879,006427_6_0.png,duck
880,007201_8_0.png,chicken
881,003634_1_0.png,cat
882,006472_0_0.png,duck
883,000571_7_1.png,cat
884,004950_2_0.png,chicken
885,005031_1_0.png,duck
886,007136_6_0.png,dog
887,005898_0_1.png,cat
888,002904_2_0.png,chicken
889,001425_2_0.png,cat
890,006722_0_1.png,dog
891,005278_2_0.png,duck
892,004906_3_0.png,chicken
893,003438_3_0.png,cat
894,003954_0_1.png,duck
895,005696_2_0.png,cat
896,000889_2_1.png,chicken
897,000105_0_0.png,duck
898,005838_6_0.png,dog
899,006768_2_1.png,cat
900,003034_1_0.png,chicken
901,007157_1_0.png,cat
902,006847_3_0.png,dog
903,005086_0_0.png,duck
904,002666_3_0.png,chicken
905,003476_0_0.png,cat
906,007201_7_0.png,duck
907,007420_6_2.png,cat
908,003256_1_0.png,chicken
909,002979_8_0.png,duck
910,000469_8_0.png,dog
911,005771_8_0.png,cat
912,003555_7_0.png,chicken
913,004139_2_0.png,cat
914,001525_1_0.png,dog
915,000874_8_0.png,duck
916,002892_0_0.png,chicken
917,005356_5_0.png,cat
918,000177_0_1.png,duck
919,004720_2_0.png,cat
920,007136_5_0.png,chicken
921,000992_2_0.png,duck
922,003233_3_0.png,dog
923,000999_1_0.png,cat
924,005086_7_1.png,chicken
925,004740_11_1.png,cat
926,001310_1_1.png,dog
927,006139_6_0.png,duck
928,001988_7_0.png,chicken
929,000809_4_0.png,cat
930,002095_5_0.png,duck
931,003753_5_0.png,cat
932,005007_0_0.png,chicken
933,005840_2_0.png,duck
934,001467_4_1.png,dog
935,005086_1_0.png,cat
936,004953_1_0.png,chicken
937,003805_4_0.png,cat
938,005084_3_0.png,dog
939,000892_0_0.png,duck
940,006903_0_0.png,chicken
941,001033_0_0.png,cat
942,005086_3_0.png,duck
943,001706_0_0.png,cat
944,001693_5_0.png,chicken
945,004346_0_0.png,duck
946,007202_6_0.png,dog
947,002944_4_0.png,cat
948,002393_2_0.png,chicken
949,001790_1_0.png,cat
950,000509_0_0.png,dog
951,004389_3_0.png,duck
952,003560_0_0.png,chicken
953,002979_11_0.png,cat
954,003464_7_0.png,duck
955,006121_5_0.png,cat
956,000401_3_0.png,chicken
957,005608_6_0.png,duck
958,005541_2_0.png,dog
959,000073_0_0.png,cat
960,000445_8_1.png,chicken
961,003502_5_0.png,cat
962,003398_13_0.png,dog
963,001228_0_0.png,duck
964,004281_1_0.png,chicken
965,002888_0_0.png,cat
966,003464_4_1.png,duck
967,003398_4_0.png,cat
968,000294_0_0.png,chicken
969,000177_0_0.png,duck
970,005336_2_0.png,dog
971,005683_0_0.png,cat
972,007420_1_0.png,chicken
973,000992_1_0.png,cat
974,001725_1_0.png,dog
975,003668_3_0.png,duck
976,001648_14_0.png,chicken
977,005086_5_0.png,cat
978,001198_2_0.png,duck
979,000324_0_0.png,cat
980,006121_2_0.png,chicken
981,001624_1_0.png,duck
982,006878_2_0.png,dog
983,000726_0_0.png,cat
984,007414_1_0.png,chicken
985,007333_2_0.png,cat
986,004724_0_0.png,dog
987,001923_0_0.png,duck
988,003502_6_0.png,chicken
989,006139_3_0.png,cat
990,002487_7_0.png,duck
991,004170_8_0.png,cat
992,002979_5_2.png,chicken
993,003753_2_3.png,duck
994,003015_1_0.png,dog
995,005633_1_0.png,cat
996,005724_0_0.png,chicken
997,000764_11_0.png,cat
998,005448_6_0.png,dog
999,005714_2_0.png,duck
1000,003034_6_0.png,chicken
1001,005604_0_0.png,cat
1002,003199_6_0.png,duck
1003,005231_0_0.png,cat
1004,005812_5_0.png,chicken
1005,006734_3_0.png,duck
1006,000559_1_0.png,dog
1007,001220_4_0.png,cat
1008,000966_4_0.png,chicken
1009,003632_2_0.png,cat
1010,002243_2_0.png,dog
1011,006139_11_0.png,duck
1012,006422_8_0.png,chicken
1013,006608_7_1.png,cat
1014,004224_0_0.png,duck
1015,006427_7_0.png,cat
1016,006703_2_1.png,chicken
1017,003027_1_0.png,duck
1018,007178_7_0.png,dog
1019,006164_0_0.png,cat
1020,003135_1_0.png,chicken
1021,002487_17_0.png,cat
1022,001220_3_0.png,dog
1023,005617_10_0.png,duck
1024,003981_0_0.png,chicken
1025,000596_5_0.png,cat
1026,006583_9_0.png,duck
1027,006122_2_0.png,cat
1028,005448_2_1.png,chicken
1029,006835_1_0.png,duck
1030,005258_0_0.png,dog
1031,005688_0_0.png,cat
1032,002073_3_0.png,chicken
1033,003002_2_1.png,cat
1034,004720_2_1.png,dog
1035,005743_6_0.png,duck
1036,001693_2_0.png,chicken
1037,004696_0_0.png,cat
1038,004903_0_0.png,duck
1039,005836_1_0.png,cat
1040,002920_1_0.png,chicken
1041,004283_8_0.png,duck
1042,006653_0_0.png,dog
1043,003502_5_2.png,cat
1044,001101_6_0.png,chicken
1045,006502_0_1.png,cat
1046,000774_0_0.png,dog
1047,003753_8_0.png,duck
1048,003002_2_0.png,chicken
1049,000931_0_0.png,cat
1050,002966_8_0.png,duck
1051,006158_0_0.png,cat
1052,000663_0_0.png,chicken
1053,006139_9_0.png,duck
1054,003306_1_0.png,dog
1055,004235_2_1.png,cat
1056,005663_18_0.png,chicken
1057,007136_2_1.png,cat
1058,004665_4_0.png,dog
1059,001693_4_0.png,duck
1060,006613_0_0.png,chicken
1061,007319_2_1.png,cat
1062,000964_2_0.png,duck
1063,004704_0_0.png,cat
1064,004562_0_0.png,chicken
1065,003709_0_0.png,duck
1066,005692_0_0.png,dog
1067,001776_3_0.png,cat
1068,004503_1_0.png,chicken
1069,001068_1_0.png,cat
1070,002071_1_0.png,dog
1071,006997_4_0.png,duck
1072,004967_0_1.png,chicken
1073,000000_0_0.png,cat
1074,003134_0_0.png,duck
1075,006268_1_0.png,cat
1076,004327_0_1.png,chicken
1077,002211_4_0.png,duck
1078,003047_5_0.png,dog
1079,003924_6_1.png,cat
1080,003472_11_0.png,chicken
1081,001549_0_0.png,cat
1082,000958_1_0.png,dog
1083,002095_12_0.png,duck
1084,006121_3_0.png,chicken
1085,002892_5_0.png,cat
1086,007469_4_0.png,duck
1087,006475_6_0.png,cat
1088,004963_4_0.png,chicken
1089,005988_3_0.png,duck
1090,002460_2_0.png,dog
1091,004906_5_1.png,cat
1092,001070_6_0.png,chicken
1093,003380_3_0.png,cat
1094,006573_0_0.png,dog
1095,004271_1_0.png,duck
1096,004536_3_3.png,chicken
1097,003390_1_0.png,cat
1098,004474_6_2.png,duck
1099,002769_0_0.png,cat
1100,006473_1_0.png,chicken
1101,001100_5_1.png,duck
1102,005750_0_0.png,dog
1103,000604_0_0.png,cat
1104,006847_4_2.png,chicken
1105,002893_2_0.png,cat
1106,002663_6_0.png,dog
1107,006908_1_0.png,duck
1108,005472_0_0.png,chicken
1109,003740_3_0.png,cat
1110,006475_3_0.png,duck
1111,007319_5_0.png,cat
1112,001879_0_1.png,chicken
1113,005467_7_0.png,duck
1114,002282_5_0.png,dog
1115,001220_1_0.png,cat
1116,001648_8_0.png,chicken
1117,000217_5_0.png,cat
1118,003709_1_0.png,dog
1119,003765_8_0.png,duck
1120,003464_8_1.png,chicken
1121,005714_8_2.png,cat
1122,006832_6_0.png,duck
1123,003437_3_0.png,cat
1124,006750_3_0.png,chicken
1125,002526_2_0.png,duck
1126,005482_2_0.png,dog
1127,000342_1_1.png,cat
1128,000964_7_1.png,chicken
1129,002892_0_1.png,cat
1130,002403_0_0.png,dog
1131,002999_3_0.png,duck
1132,007434_1_0.png,chicken
1133,003437_1_0.png,cat
1134,004747_17_2.png,duck
1135,004170_12_0.png,cat
1136,001618_1_0.png,chicken
1137,005528_3_0.png,duck
1138,001693_10_0.png,dog
1139,000703_0_0.png,cat
1140,006444_2_0.png,chicken
1141,007377_1_0.png,cat
1142,001439_1_1.png,dog
1143,002618_0_0.png,duck
1144,004283_11_0.png,chicken
1145,000964_3_0.png,cat
1146,005536_0_0.png,duck
1147,005714_4_0.png,cat
1148,006937_0_0.png,chicken
1149,000999_2_0.png,duck
1150,004747_15_0.png,dog
1151,004740_8_0.png,cat
1152,000336_0_0.png,chicken
1153,005686_0_0.png,cat
1154,006749_4_0.png,dog
1155,007368_1_0.png,duck
1156,003766_3_0.png,chicken
1157,002487_7_1.png,cat
1158,000718_0_0.png,duck
1159,006761_7_0.png,cat
1160,000535_15_0.png,chicken
1161,004039_6_0.png,duck
1162,004474_3_1.png,dog
1163,001220_0_0.png,cat
1164,001644_0_0.png,chicken
1165,005395_5_0.png,cat
1166,000518_0_0.png,dog
1167,006486_0_0.png,duck
1168,003438_2_0.png,chicken
1169,003229_5_0.png,cat
1170,000535_14_0.png,duck
1171,006801_2_0.png,cat
1172,003464_2_0.png,chicken
1173,006268_2_0.png,duck
1174,003589_0_0.png,dog
1175,005226_2_0.png,cat
1176,005086_2_0.png,chicken
1177,000021_0_0.png,cat
1178,003202_0_0.png,dog
1179,002837_0_0.png,duck
1180,001870_4_0.png,chicken
1181,005784_1_0.png,cat
1182,003642_8_0.png,duck
1183,005418_0_0.png,cat
1184,000826_5_0.png,chicken
1185,007075_0_0.png,duck
1186,001911_0_0.png,dog
1187,006745_1_1.png,cat
1188,002742_2_0.png,chicken
1189,003649_0_0.png,cat
1190,003047_4_2.png,dog
1191,001101_8_0.png,duck
1192,003489_7_0.png,chicken
1193,004410_2_0.png,cat
1194,004170_11_0.png,duck
1195,005744_0_0.png,cat
1196,001981_0_0.png,chicken
1197,002666_5_1.png,duck
1198,004747_12_0.png,dog
1199,000232_2_0.png,cat
1200,002979_6_2.png,chicken
1201,003065_3_0.png,cat
1202,001370_3_0.png,dog
1203,001693_0_0.png,duck
1204,000469_11_1.png,chicken
1205,003047_2_0.png,cat
1206,005663_12_0.png,duck
1207,005137_3_0.png,cat
1208,005114_1_0.png,chicken
1209,001785_15_0.png,duck
1210,002937_1_0.png,dog
1211,002478_0_1.png,cat
1212,004235_4_0.png,chicken
1213,000251_5_0.png,cat
1214,006341_0_0.png,dog
1215,001672_5_0.png,duck
1216,002966_2_0.png,chicken
1217,001988_0_0.png,cat
1218,000532_0_0.png,duck
1219,004804_1_0.png,cat
1220,004247_0_1.png,chicken
1221,005391_1_0.png,duck
1222,007280_0_1.png,dog
1223,002892_2_0.png,cat
1224,006431_2_0.png,chicken
1225,007327_0_0.png,cat
1226,004782_1_0.png,dog
1227,003047_2_1.png,duck
1228,000966_11_0.png,chicken
1229,007333_1_0.png,cat
1230,002671_0_0.png,duck
1231,002663_4_0.png,cat
1232,001509_0_0.png,chicken
1233,003683_4_0.png,duck
1234,004443_6_0.png,dog
1235,000424_4_0.png,cat
1236,005743_8_0.png,chicken
1237,001467_1_0.png,cat
1238,003616_2_0.png,dog
1239,000784_0_0.png,duck
1240,006475_2_0.png,chicken
1241,005825_0_1.png,cat
1242,002626_2_0.png,duck
1243,005692_8_0.png,cat
1244,003059_0_0.png,chicken
1245,002502_0_0.png,duck
1246,001589_1_0.png,dog
1247,005510_0_0.png,cat
1248,003947_0_0.png,chicken
1249,004474_4_0.png,cat
1250,001101_3_0.png,dog
1251,001667_3_0.png,duck
1252,003502_5_1.png,chicken
1253,001921_3_0.png,cat
1254,003753_2_9.png,duck
1255,005633_2_1.png,cat
1256,003330_0_0.png,chicken
1257,000966_8_0.png,duck
1258,001525_3_0.png,dog
1259,003009_9_0.png,cat
1260,004474_6_0.png,chicken
1261,004854_0_0.png,cat
1262,005510_1_0.png,dog
1263,006552_0_0.png,duck
1264,005448_2_0.png,chicken
1265,003753_2_2.png,cat
1266,007179_0_0.png,duck
1267,005369_1_0.png,cat
1268,002023_0_0.png,chicken
1269,007202_3_0.png,duck
1270,002156_1_1.png,dog
1271,001714_2_0.png,cat
1272,000535_10_0.png,chicken
1273,003753_2_6.png,cat
1274,002892_5_1.png,dog
1275,000571_10_1.png,duck
1276,004233_0_0.png,chicken
1277,003249_2_0.png,cat
1278,004233_0_1.png,duck
1279,006749_2_0.png,cat
1280,003047_0_1.png,chicken
1281,002686_0_0.png,duck
1282,005840_1_0.png,dog
1283,004928_2_0.png,cat
1284,002180_1_0.png,chicken
1285,003700_0_0.png,cat
1286,003924_3_2.png,dog
1287,004619_3_0.png,duck
1288,006130_0_0.png,chicken
1289,004308_0_0.png,cat
1290,005086_2_1.png,duck
1291,002966_7_0.png,cat
1292,007412_4_0.png,chicken
1293,000964_8_1.png,duck
1294,005801_0_0.png,dog
1295,006800_5_0.png,cat
1296,006847_2_0.png,chicken
1297,005133_3_0.png,cat
1298,004127_6_0.png,dog
1299,003683_0_0.png,duck
1300,002690_5_0.png,chicken
1301,005133_2_2.png,cat
1302,005937_0_0.png,duck
1303,002767_0_0.png,cat
1304,000964_7_0.png,chicken
1305,005185_1_1.png,duck
1306,002663_8_0.png,dog
1307,002979_6_1.png,cat
1308,005528_2_0.png,chicken
1309,002944_2_0.png,cat
1310,003464_13_1.png,dog
1311,004268_3_1.png,duck
1312,004426_2_1.png,chicken
1313,002892_6_0.png,cat
1314,004235_1_0.png,duck
1315,003377_3_0.png,cat
1316,003670_0_0.png,chicken
1317,003472_12_0.png,duck
1318,004740_0_0.png,dog
1319,005041_1_0.png,cat
1320,004349_1_0.png,chicken
1321,004474_5_0.png,cat
1322,006427_2_0.png,dog
1323,002774_1_1.png,duck
1324,000966_14_0.png,chicken
1325,002775_3_1.png,cat
1326,007053_5_0.png,duck
1327,002402_0_0.png,cat
1328,003450_0_0.png,chicken
1329,007410_1_0.png,duck
1330,005669_1_1.png,dog
1331,001366_12_0.png,cat
1332,006912_1_0.png,chicken
1333,002548_5_0.png,cat
1334,005434_5_0.png,dog
1335,004989_1_0.png,duck
1336,003249_5_0.png,chicken
1337,000744_0_0.png,cat
1338,000336_2_0.png,duck
1339,006475_2_1.png,cat
1340,003249_6_0.png,chicken
1341,000317_1_0.png,duck
1342,001070_0_0.png,dog
1343,003801_7_0.png,cat
1344,006578_0_0.png,chicken
1345,003954_0_0.png,cat
1346,001394_0_0.png,dog
1347,001648_5_0.png,duck
1348,003765_1_0.png,chicken
1349,002689_0_0.png,cat
1350,007179_3_0.png,duck
1351,001300_0_0.png,cat
1352,000490_2_1.png,chicken
1353,000465_0_0.png,duck
1354,004602_2_0.png,dog
1355,006605_0_0.png,cat
1356,006395_0_0.png,chicken
1357,000966_5_0.png,cat
1358,000764_10_0.png,dog
1359,000469_11_0.png,duck
1360,000295_1_0.png,chicken
1361,005735_0_1.png,cat
1362,005663_8_0.png,duck
1363,002609_1_0.png,cat
1364,006539_1_0.png,chicken
1365,005050_0_0.png,duck
1366,003997_1_0.png,dog
1367,001540_0_0.png,cat
1368,003589_6_0.png,chicken
1369,005663_9_1.png,cat
1370,006878_3_0.png,dog
1371,006539_0_0.png,duck
1372,001926_2_0.png,chicken
1373,002456_0_0.png,cat
1374,002024_1_1.png,duck
1375,003502_15_0.png,cat
1376,001100_3_1.png,chicken
1377,005043_0_0.png,duck
1378,007036_0_0.png,dog
1379,007265_0_0.png,cat
1380,003257_1_0.png,chicken
1381,002979_13_1.png,cat
1382,006488_4_0.png,dog
1383,007310_0_0.png,duck
1384,007412_0_0.png,chicken
1385,003377_0_0.png,cat
1386,004627_0_0.png,duck
1387,006210_3_1.png,cat
1388,000971_6_0.png,chicken
1389,003974_0_0.png,duck
1390,000559_0_1.png,dog
1391,001716_15_1.png,cat
1392,004786_3_0.png,chicken
1393,002226_0_0.png,cat
1394,003632_6_0.png,dog
1395,002149_0_0.png,duck
1396,007023_0_0.png,chicken
1397,002189_1_0.png,cat
1398,005429_0_0.png,duck
1399,005281_0_0.png,cat
1400,006578_2_0.png,chicken
1401,001785_12_0.png,duck
1402,005422_0_0.png,dog
1403,006925_0_0.png,cat
1404,003229_5_1.png,chicken
1405,003753_2_0.png,cat
1406,006130_4_0.png,dog
1407,003464_6_0.png,duck
1408,002626_1_2.png,chicken
1409,002979_9_0.png,cat
1410,001611_0_1.png,duck
1411,000679_0_0.png,cat
1412,003472_13_0.png,chicken
1413,001972_0_0.png,duck
1414,001198_2_1.png,dog
1415,004170_15_0.png,cat
1416,007109_3_0.png,chicken
1417,006378_2_0.png,cat
1418,005082_7_0.png,dog
1419,007374_1_1.png,duck
1420,004218_3_0.png,chicken
1421,006578_1_0.png,cat
1422,005743_5_0.png,duck
1423,002725_2_0.png,cat
1424,001777_0_0.png,chicken
1425,000731_0_0.png,duck
1426,000764_14_1.png,dog
1427,001870_7_0.png,cat
1428,001355_0_0.png,chicken
1429,001046_2_0.png,cat
1430,001252_0_0.png,dog
1431,002666_16_0.png,duck
1432,002979_3_2.png,chicken
1433,002774_1_2.png,cat
1434,002156_3_0.png,duck
1435,002979_4_0.png,cat
1436,003927_0_0.png,chicken
1437,002315_4_0.png,duck
1438,001101_3_1.png,dog
1439,000931_2_0.png,cat
1440,000332_6_0.png,chicken
1441,003464_12_0.png,cat
1442,000596_0_0.png,dog
1443,002565_8_1.png,duck
1444,005825_2_0.png,chicken
1445,003644_0_0.png,cat
1446,001272_0_0.png,duck
1447,002780_0_1.png,cat
1448,003805_0_0.png,chicken
1449,000861_4_0.png,duck
1450,003718_6_0.png,dog
1451,005994_2_0.png,cat
1452,002003_1_0.png,chicken
1453,004170_12_1.png,cat
1454,002742_5_0.png,dog
1455,000336_1_0.png,duck
1456,006139_4_0.png,chicken
1457,004327_0_0.png,cat
1458,005114_0_0.png,duck
1459,000266_1_0.png,cat
1460,007469_0_0.png,chicken
1461,002917_0_1.png,duck
1462,005837_0_0.png,dog
1463,000332_0_0.png,cat
1464,004634_1_0.png,chicken
1465,005082_1_0.png,cat
1466,005471_1_0.png,dog
1467,000892_3_0.png,duck
1468,003367_5_0.png,chicken
1469,003770_0_0.png,cat
1470,000383_1_0.png,duck
1471,004954_1_0.png,cat
1472,003009_3_0.png,chicken
1473,001355_0_1.png,duck
1474,002160_0_0.png,dog
1475,001031_0_0.png,cat
1476,000971_7_2.png,chicken
1477,006661_0_0.png,cat
1478,006552_2_0.png,dog
1479,006458_0_0.png,duck
1480,003437_0_0.png,chicken
1481,004665_1_2.png,cat
1482,003002_1_0.png,duck
1483,005133_2_1.png,cat
1484,002282_0_0.png,chicken
1485,000085_2_0.png,duck
1486,005133_2_0.png,dog
1487,005131_4_1.png,cat
1488,004268_1_1.png,chicken
1489,004283_12_1.png,cat
1490,004923_2_0.png,dog
1491,007109_0_0.png,duck
1492,001101_0_0.png,chicken
1493,007223_0_0.png,cat
1494,006139_13_0.png,duck
1495,003576_0_0.png,cat
1496,002626_4_0.png,chicken
1497,000274_4_0.png,duck
1498,002609_3_0.png,dog
1499,001409_0_0.png,cat
1500,007126_0_0.png,chicken
1501,007016_1_1.png,cat
1502,007110_0_0.png,dog
1503,004712_2_0.png,duck
1504,005059_0_1.png,chicken
1505,006583_6_0.png,cat
1506,005083_1_0.png,duck
1507,004536_2_0.png,cat
1508,001046_7_0.png,chicken
1509,006761_4_0.png,duck
1510,000076_0_0.png,dog
1511,007308_0_0.png,cat
1512,003766_5_0.png,chicken
1513,001428_2_0.png,cat
1514,005471_1_1.png,dog
1515,007149_7_0.png,duck
1516,002944_1_0.png,chicken
1517,001716_12_0.png,cat
1518,006496_1_0.png,duck
1519,005226_5_0.png,cat
1520,002315_3_0.png,chicken
1521,003971_1_1.png,duck
1522,003560_3_0.png,dog
1523,004665_1_1.png,cat
1524,003849_0_0.png,chicken
1525,002822_0_0.png,cat
1526,007319_2_0.png,dog
1527,006334_5_0.png,duck
1528,001049_4_0.png,chicken
1529,006685_0_0.png,cat
1530,001426_6_0.png,duck
1531,002003_1_1.png,cat
1532,003805_8_0.png,chicken
1533,006749_2_1.png,duck
1534,004983_11_1.png,dog
1535,005669_1_0.png,cat
1536,006605_1_0.png,chicken
1537,002144_0_0.png,cat
1538,003367_1_0.png,dog
1539,003632_3_1.png,duck
1540,005617_0_1.png,chicken
1541,003321_0_0.png,cat
1542,002666_16_1.png,duck
1543,006210_2_0.png,cat
1544,001672_4_0.png,chicken
1545,001572_1_0.png,duck
1546,003718_1_1.png,dog
1547,006475_0_1.png,cat
1548,000342_2_1.png,chicken
1549,002007_0_0.png,cat
1550,003502_14_0.png,dog
1551,001238_2_1.png,duck
1552,000816_0_0.png,chicken
1553,006703_3_0.png,cat
1554,006926_3_0.png,duck
1555,006434_0_0.png,cat
1556,006427_8_1.png,chicken
1557,002362_5_0.png,duck
1558,002042_2_0.png,dog
1559,004543_0_0.png,cat
1560,002812_0_0.png,chicken
1561,003491_0_0.png,cat
1562,003269_0_0.png,dog
1563,003199_5_0.png,duck
1564,004268_0_2.png,chicken
1565,003466_4_0.png,cat
1566,007154_0_0.png,duck
1567,001169_0_0.png,cat
1568,000971_6_1.png,chicken
1569,006578_5_0.png,duck
1570,002640_6_1.png,dog
1571,004283_13_0.png,cat
1572,004786_2_0.png,chicken
1573,005532_5_0.png,cat
1574,001419_6_0.png,dog
1575,006100_0_0.png,duck
1576,006488_8_0.png,chicken
1577,002549_4_0.png,cat
1578,002822_1_0.png,duck
1579,001464_8_0.png,cat
1580,003718_4_0.png,chicken
1581,003718_5_0.png,duck
1582,002979_10_0.png,dog
1583,002643_0_0.png,cat
1584,007016_6_0.png,chicken
1585,007324_2_0.png,cat
1586,004237_0_0.png,dog
1587,002892_4_0.png,duck
1588,004983_12_0.png,chicken
1589,000559_4_0.png,cat
1590,000058_0_0.png,duck
1591,007420_5_1.png,cat
1592,001334_0_1.png,chicken
1593,005532_0_0.png,duck
1594,000928_5_2.png,dog
1595,000469_5_0.png,cat
1596,006980_0_0.png,chicken
1597,005528_2_1.png,cat
1598,006832_6_2.png,dog
1599,006801_8_0.png,duck
1600,002626_1_0.png,chicken
1601,001100_3_0.png,cat
1602,006301_7_1.png,duck
1603,001091_0_0.png,cat
1604,002536_0_0.png,chicken
1605,004747_8_1.png,duck
1606,001249_0_0.png,dog
1607,000764_9_1.png,cat
1608,002334_0_0.png,chicken
1609,000156_1_0.png,cat
1610,001193_3_0.png,dog
1611,002640_2_0.png,duck
1612,004527_3_0.png,chicken
1613,007448_0_0.png,cat
1614,002739_0_0.png,duck
1615,001692_0_0.png,cat
1616,005510_11_0.png,chicken
1617,005714_6_0.png,duck
1618,004290_5_0.png,dog
1619,002095_11_0.png,cat
1620,007017_0_0.png,chicken
1621,005812_6_1.png,cat
1622,001334_0_0.png,dog
1623,002800_1_0.png,duck
1624,005813_0_0.png,chicken
1625,003454_1_0.png,cat
1626,000928_2_1.png,duck
1627,004419_1_1.png,cat
1628,004836_1_0.png,chicken
1629,002342_0_0.png,duck
1630,002529_0_0.png,dog
1631,004039_3_0.png,cat
1632,004229_0_0.png,chicken
1633,002870_2_0.png,cat
1634,003480_1_0.png,dog
1635,003502_3_0.png,duck
1636,003164_0_0.png,chicken
1637,006552_1_0.png,cat
1638,006400_1_0.png,duck
1639,001334_1_0.png,cat
1640,006519_5_0.png,chicken
1641,002073_0_0.png,duck
1642,002626_4_1.png,dog
1643,002282_3_1.png,cat
1644,001529_5_0.png,chicken
1645,007094_0_0.png,cat
1646,001198_3_1.png,dog
1647,003177_0_0.png,duck
1648,004564_0_0.png,chicken
1649,000825_0_0.png,cat
1650,000189_2_0.png,duck
1651,000625_0_1.png,cat
1652,005482_3_0.png,chicken
1653,007333_5_0.png,duck
1654,004106_0_0.png,dog
1655,002666_10_0.png,cat
1656,006130_1_0.png,chicken
1657,001910_0_0.png,cat
1658,005692_7_0.png,dog
1659,004924_4_0.png,duck
1660,002745_0_1.png,chicken
1661,004449_0_1.png,cat
1662,003464_6_1.png,duck
1663,002915_3_0.png,cat
1664,000100_2_0.png,chicken
1665,004786_6_0.png,duck
1666,004665_3_1.png,dog
1667,002915_2_0.png,cat
1668,000966_12_0.png,chicken
1669,006608_7_3.png,cat
1670,000332_10_0.png,dog
1671,006475_3_1.png,duck
1672,003797_0_0.png,chicken
1673,002095_6_0.png,cat
1674,000070_0_0.png,duck
1675,002690_2_0.png,cat
1676,001988_8_0.png,chicken
1677,003454_2_0.png,duck
1678,003398_14_0.png,dog
1679,006703_6_0.png,cat
1680,003759_0_0.png,chicken
1681,006910_0_0.png,cat
1682,004976_1_0.png,dog
1683,005329_0_0.png,duck
1684,003078_6_0.png,chicken
1685,003121_0_0.png,cat
1686,001049_5_0.png,duck
1687,000254_5_0.png,cat
1688,006525_6_1.png,chicken
1689,005278_4_0.png,duck
1690,003718_4_4.png,dog
1691,002979_6_0.png,cat
1692,006122_0_0.png,chicken
1693,005687_1_0.png,cat
1694,006749_4_1.png,dog
1695,003718_3_0.png,duck
1696,001336_2_0.png,chicken
1697,006424_2_2.png,cat
1698,000342_1_0.png,duck
1699,002216_1_0.png,cat
1700,004039_2_0.png,chicken
1701,002036_0_0.png,duck
1702,004321_2_2.png,dog
1703,002175_6_0.png,cat
1704,001198_7_0.png,chicken
1705,000445_8_0.png,cat
1706,002496_2_0.png,dog
1707,007130_1_0.png,duck
1708,000336_2_1.png,chicken
1709,004786_0_0.png,cat
1710,005663_14_0.png,duck
1711,000915_1_1.png,cat
1712,005106_1_2.png,chicken
1713,003766_1_0.png,duck
1714,005436_5_0.png,dog
1715,005005_0_0.png,cat
1716,005604_1_0.png,chicken
1717,002477_2_0.png,cat
1718,006411_0_0.png,dog
1719,004963_0_0.png,duck
1720,007157_1_1.png,chicken
1721,000731_1_1.png,cat
1722,001931_3_0.png,duck
1723,006832_8_0.png,cat
1724,002605_0_0.png,chicken
1725,001355_0_4.png,duck
1726,003339_0_0.png,dog
1727,003464_11_0.png,cat
1728,002898_0_0.png,chicken
1729,000337_0_0.png,cat
1730,002042_0_1.png,dog
1731,004226_3_0.png,duck
1732,004747_16_1.png,chicken
1733,004536_2_2.png,cat
1734,004546_0_0.png,duck
1735,001070_2_0.png,cat
1736,001419_2_0.png,chicken
1737,003560_1_0.png,duck
1738,006441_1_0.png,dog
1739,002156_3_1.png,cat
1740,001070_5_0.png,chicken
1741,006801_11_0.png,cat
1742,004235_2_0.png,dog
1743,003472_7_0.png,duck
1744,005806_0_0.png,chicken
1745,000209_0_0.png,cat
1746,006176_4_0.png,duck
1747,004954_0_0.png,cat
1748,002156_1_2.png,chicken
1749,006749_3_0.png,duck
1750,003722_0_0.png,dog
1751,002800_1_2.png,cat
1752,007351_0_0.png,chicken
1753,002742_9_0.png,cat
1754,001035_2_0.png,dog
1755,000398_0_0.png,duck
1756,002507_0_0.png,chicken
1757,001689_0_0.png,cat
1758,000764_12_1.png,duck
1759,002393_2_1.png,cat
1760,006023_1_1.png,chicken
1761,005898_0_0.png,duck
1762,000964_4_0.png,dog
1763,003315_0_0.png,cat
1764,005540_0_0.png,chicken
1765,000118_3_0.png,cat
1766,002583_3_0.png,dog
1767,005994_1_0.png,duck
1768,003464_14_0.png,chicken
1769,002583_0_0.png,cat
1770,007189_0_0.png,duck
1771,002095_4_0.png,cat
1772,003826_1_0.png,chicken
1773,006070_1_0.png,duck
1774,003526_3_0.png,dog
1775,000490_2_0.png,cat
1776,004271_3_0.png,chicken
1777,007269_0_0.png,cat
1778,003480_0_0.png,dog
1779,007159_1_0.png,duck
1780,001692_3_0.png,chicken
1781,000718_4_0.png,cat
1782,000254_3_1.png,duck
1783,007290_2_0.png,cat
1784,003955_0_0.png,chicken
1785,003643_2_0.png,duck
1786,004996_0_0.png,dog
1787,002565_1_0.png,cat
1788,001796_5_0.png,chicken
1789,005808_0_0.png,cat
1790,000595_1_0.png,dog
1791,002663_2_0.png,duck
1792,000910_5_0.png,chicken
1793,003967_0_0.png,cat
1794,000571_0_0.png,duck
1795,005433_1_0.png,cat
1796,001648_11_0.png,chicken
1797,004321_5_0.png,duck
1798,003683_11_0.png,dog
1799,007016_2_0.png,cat
1800,005988_9_0.png,chicken
1801,005218_0_0.png,cat
1802,001238_1_0.png,dog
1803,002954_0_1.png,duck
1804,006605_1_1.png,chicken
1805,000401_3_1.png,cat
1806,002178_0_0.png,duck
1807,002159_0_0.png,cat
1808,000339_1_0.png,chicken
1809,003487_4_0.png,duck
1810,006444_5_0.png,dog
1811,002716_0_0.png,cat
1812,006176_0_0.png,chicken
1813,004136_0_1.png,cat
1814,002487_15_0.png,dog
1815,004149_3_0.png,duck
1816,006822_6_0.png,chicken
1817,000469_10_0.png,cat
1818,004536_3_1.png,duck
1819,003398_11_0.png,cat
1820,001609_0_1.png,chicken
1821,004346_0_1.png,duck
1822,000063_2_0.png,dog
1823,004902_2_0.png,cat
1824,006121_9_0.png,chicken
1825,001648_5_1.png,cat
1826,003469_1_0.png,dog
1827,000195_0_0.png,duck
1828,006745_1_0.png,chicken
1829,004125_0_0.png,cat
1830,000964_0_0.png,duck
1831,001070_4_0.png,cat
1832,002725_7_0.png,chicken
1833,001057_0_0.png,duck
1834,006583_5_0.png,dog
1835,004327_5_0.png,cat
1836,002775_10_0.png,chicken
1837,001672_6_0.png,cat
1838,001046_7_1.png,dog
1839,000469_7_1.png,duck
1840,004283_5_0.png,chicken
1841,002954_0_0.png,cat
1842,003560_3_1.png,duck
1843,006575_0_0.png,cat
1844,005433_0_0.png,chicken
1845,003426_3_0.png,duck
1846,006951_0_0.png,dog
1847,003472_4_0.png,cat
1848,006424_7_0.png,chicken
1849,000966_15_0.png,cat
1850,003287_3_0.png,dog
1851,005226_7_0.png,duck
1852,002548_9_0.png,chicken
1853,001384_1_1.png,cat
1854,002487_14_1.png,duck
1855,002524_0_0.png,cat
1856,002583_7_0.png,chicken
1857,000928_4_1.png,duck
1858,001112_2_1.png,dog
1859,002315_7_0.png,cat
1860,003753_2_7.png,chicken
1861,003013_1_0.png,cat
1862,004170_13_0.png,dog
1863,002477_0_1.png,duck
1864,006488_3_0.png,chicken
1865,002289_4_0.png,cat
1866,001589_2_0.png,duck
1867,003550_1_0.png,cat
1868,005545_1_0.png,chicken
1869,004747_8_0.png,duck
1870,004870_3_0.png,dog
1871,000049_6_0.png,cat
1872,003133_1_0.png,chicken
1873,005278_3_0.png,cat
1874,000971_5_1.png,dog
1875,002851_1_0.png,duck
1876,000324_0_1.png,chicken
1877,007469_1_0.png,cat
1878,006088_6_0.png,duck
1879,006872_0_0.png,cat
1880,000796_3_0.png,chicken
1881,007136_7_0.png,duck
1882,005545_0_0.png,dog
1883,003823_0_0.png,cat
1884,003526_1_2.png,chicken
1885,004389_4_1.png,cat
1886,005278_3_1.png,dog
1887,004723_0_0.png,duck
1888,002666_7_0.png,chicken
1889,006761_1_2.png,cat
1890,002477_5_1.png,duck
1891,003159_0_0.png,cat
1892,003989_0_0.png,chicken
1893,005853_7_0.png,duck
1894,003737_0_0.png,dog
1895,006878_0_0.png,cat
1896,002640_3_0.png,chicken
1897,004983_11_0.png,cat
1898,000518_3_0.png,dog
1899,006539_3_0.png,duck
1900,006471_0_0.png,chicken
1901,004619_0_0.png,cat
1902,004901_0_0.png,duck
1903,002379_1_0.png,cat
1904,005910_0_0.png,chicken
1905,003753_2_1.png,duck
1906,001624_2_0.png,dog
1907,000731_3_0.png,cat
1908,001124_0_0.png,chicken
1909,002095_13_1.png,cat
1910,005743_9_0.png,dog
1911,000685_1_0.png,duck
1912,000011_1_0.png,chicken
1913,004954_4_0.png,cat
1914,004685_2_0.png,duck
1915,003047_4_1.png,cat
1916,003472_7_1.png,chicken
1917,002315_9_0.png,duck
1918,007272_0_0.png,dog
1919,005433_2_0.png,cat
1920,002979_7_0.png,chicken
1921,005131_2_0.png,cat
1922,005905_8_0.png,dog
1923,000199_0_0.png,duck
1924,002609_4_0.png,chicken
1925,004983_3_0.png,cat
1926,002477_2_1.png,duck
1927,000011_0_0.png,cat
1928,003472_10_0.png,chicken
1929,002071_0_0.png,duck
1930,006496_3_0.png,dog
1931,000826_6_0.png,cat
1932,002508_3_0.png,chicken
1933,002271_0_0.png,cat
1934,001046_1_1.png,dog
1935,000189_0_0.png,duck
1936,003232_5_1.png,chicken
1937,004740_7_0.png,cat
1938,002015_1_0.png,duck
1939,005604_0_2.png,cat
1940,002149_0_3.png,chicken
1941,003380_2_0.png,duck
1942,002666_4_1.png,dog
1943,001716_13_0.png,cat
1944,003971_4_0.png,chicken
1945,002780_4_0.png,cat
1946,002063_4_0.png,dog
1947,001716_11_0.png,duck
1948,003922_0_0.png,chicken
1949,002904_3_0.png,cat
1950,001570_0_0.png,duck
1951,004665_1_0.png,cat
1952,006023_1_0.png,chicken
1953,001998_2_0.png,duck
1954,005568_3_0.png,dog
1955,002979_7_1.png,cat
1956,006807_0_0.png,chicken
1957,005217_0_1.png,cat
1958,002108_0_0.png,dog
1959,003632_4_0.png,duck
1960,002156_4_0.png,chicken
1961,003550_4_0.png,cat
1962,002548_7_1.png,duck
1963,001409_1_0.png,cat
1964,005804_1_0.png,chicken
1965,002176_8_0.png,duck
1966,005980_4_2.png,dog
1967,001220_5_0.png,cat
1968,005170_0_0.png,chicken
1969,003333_0_0.png,cat
1970,001592_2_0.png,dog
1971,003464_4_0.png,duck
1972,001068_3_1.png,chicken
1973,004085_1_0.png,cat
1974,005559_0_0.png,duck
1975,001238_5_0.png,cat
1976,003718_4_2.png,chicken
1977,001037_0_0.png,duck
1978,001149_0_0.png,dog
1979,001008_1_0.png,cat
1980,002775_11_0.png,chicken
1981,005086_6_0.png,cat
1982,001853_0_1.png,dog
1983,006006_1_1.png,duck
1984,007136_3_1.png,chicken
1985,001374_0_1.png,cat
1986,000928_3_1.png,duck
1987,005980_2_0.png,cat
1988,000535_12_0.png,chicken
1989,002780_5_0.png,duck
1990,007369_5_0.png,dog
1991,004665_3_0.png,cat
1992,006645_0_0.png,chicken
1993,002042_3_0.png,cat
1994,002979_3_4.png,dog
1995,007420_0_0.png,duck
1996,004924_2_0.png,chicken
1997,004268_0_0.png,cat
1998,004527_5_0.png,duck
1999,004410_0_0.png,cat
2000,002548_8_0.png,chicken
2001,000870_1_0.png,duck
2002,004268_4_0.png,dog
2003,007368_0_0.png,cat
2004,002536_2_0.png,chicken
2005,007427_0_0.png,cat
2006,006087_2_0.png,dog
2007,007016_1_0.png,duck
2008,002299_0_0.png,chicken
2009,000422_0_1.png,cat
2010,001931_2_0.png,duck
2011,003589_1_0.png,cat
2012,001160_0_0.png,chicken
2013,006935_0_0.png,duck
2014,003233_6_0.png,dog
2015,006139_2_1.png,cat
2016,001216_2_0.png,chicken
2017,006830_0_0.png,cat
2018,002030_0_0.png,dog
2019,003130_0_0.png,duck
2020,002860_0_0.png,chicken
2021,004646_0_0.png,cat
2022,004321_2_0.png,duck
2023,006121_7_0.png,cat
2024,006478_1_0.png,chicken
2025,000764_13_0.png,duck
2026,006861_0_0.png,dog
2027,006139_2_3.png,cat
2028,001348_0_1.png,chicken
2029,000383_4_0.png,cat
2030,002362_2_1.png,dog
2031,001624_3_0.png,duck
2032,004866_2_0.png,chicken
2033,006341_1_0.png,cat
2034,002979_4_4.png,duck
2035,003793_2_0.png,cat
2036,003728_1_0.png,chicken
2037,002339_1_0.png,duck
2038,005670_1_0.png,dog
2039,000384_6_0.png,cat
2040,006070_4_0.png,chicken
2041,006475_1_1.png,cat
2042,004627_1_0.png,dog
2043,007018_0_0.png,duck
2044,005617_0_3.png,chicken
2045,006894_2_0.png,cat
2046,002156_2_0.png,duck
2047,000559_2_1.png,cat
2048,003805_1_0.png,chicken
2049,002666_2_0.png,duck
2050,006652_0_0.png,dog
2051,006021_2_0.png,cat
2052,002557_0_0.png,chicken
2053,002114_3_0.png,cat
2054,005170_1_1.png,dog
2055,001921_2_0.png,duck
2056,003675_0_0.png,chicken
2057,001336_1_1.png,cat
2058,000336_6_0.png,duck
2059,004850_2_0.png,cat
2060,003502_2_0.png,chicken
2061,004283_14_1.png,duck
2062,003464_9_0.png,dog
2063,004583_1_0.png,cat
2064,000746_0_0.png,chicken
2065,005239_5_0.png,cat
2066,001467_2_0.png,dog
2067,004136_0_0.png,duck
2068,007319_3_0.png,chicken
2069,005408_4_0.png,cat
2070,004844_0_0.png,duck
2071,003489_2_0.png,cat
2072,000469_10_1.png,chicken
2073,000701_0_0.png,duck
2074,001574_0_0.png,dog
2075,003969_1_0.png,cat
2076,004073_0_0.png,chicken
2077,005665_1_0.png,cat
2078,001428_3_0.png,dog
2079,004950_2_1.png,duck
2080,000342_0_0.png,chicken
2081,006475_4_0.png,cat
2082,002626_2_1.png,duck
2083,000217_6_1.png,cat
2084,000339_8_0.png,chicken
2085,006010_0_0.png,duck
2086,000263_0_0.png,dog
2087,000811_0_0.png,cat
2088,002315_10_0.png,chicken
2089,006703_6_1.png,cat
2090,001931_3_1.png,dog
2091,006486_1_0.png,duck
2092,002811_0_1.png,chicken
2093,000274_2_0.png,cat
2094,004731_0_0.png,duck
2095,002206_3_0.png,cat
2096,005711_0_0.png,chicken
2097,007469_1_1.png,duck
2098,002487_18_0.png,dog
2099,000381_0_0.png,cat
2100,001525_0_0.png,chicken
2101,006980_7_0.png,cat
2102,000560_1_0.png,dog
2103,004039_0_0.png,duck
2104,005985_1_0.png,chicken
2105,000966_3_0.png,cat
2106,001547_0_0.png,duck
2107,004762_0_0.png,cat
2108,001692_0_1.png,chicken
2109,004268_0_1.png,duck
2110,005059_0_0.png,dog
2111,003490_1_1.png,cat
2112,003805_8_1.png,chicken
2113,005114_0_1.png,cat
2114,000383_8_0.png,dog
2115,002868_0_0.png,duck
2116,002725_6_0.png,chicken
2117,005271_1_0.png,cat
2118,002156_0_1.png,duck
2119,005837_2_0.png,cat
2120,001222_0_0.png,chicken
2121,003502_8_0.png,duck
2122,004021_0_0.png,dog
2123,005086_5_1.png,cat
2124,001804_0_0.png,chicken
2125,005137_4_0.png,cat
2126,001982_0_0.png,dog
2127,003740_2_0.png,duck
2128,003805_9_0.png,chicken
2129,001835_0_0.png,cat
2130,000332_2_0.png,duck
2131,002402_1_0.png,cat
2132,003235_1_0.png,chicken
2133,004665_2_0.png,duck
2134,006589_8_0.png,dog
2135,001419_0_0.png,cat
2136,002755_1_0.png,chicken
2137,005958_0_0.png,cat
2138,007333_2_1.png,dog
2139,001529_1_0.png,duck
2140,006292_0_0.png,chicken
2141,004679_0_0.png,cat
2142,001225_0_0.png,duck
2143,002571_0_0.png,cat
2144,002418_0_0.png,chicken
2145,001189_0_0.png,duck
2146,002920_3_0.png,dog
2147,005846_0_0.png,cat
2148,002605_0_1.png,chicken
2149,002663_5_0.png,cat
